{
    "type": "Feature",
    "geometry": {
        "type": "Polygon",
        "coordinates": [
            [
                [
                    105.12699127,
                    -4.72734451
                ],
                [
                    105.12873077,
                    -4.72578096
                ],
                [
                    105.13217163,
                    -4.72222519
                ],
                [
                    105.13819122,
                    -4.71514034
                ],
                [
                    105.13944244,
                    -4.71276569
                ],
                [
                    105.14025116,
                    -4.71122646
                ],
                [
                    105.14128876,
                    -4.70925045
                ],
                [
                    105.14250183,
                    -4.70624638
                ],
                [
                    105.143013,
                    -4.70474482
                ],
                [
                    105.14308929,
                    -4.70277262
                ],
                [
                    105.14309692,
                    -4.70191288
                ],
                [
                    105.14259338,
                    -4.69999552
                ],
                [
                    105.14189911,
                    -4.69883728
                ],
                [
                    105.14125061,
                    -4.69786072
                ],
                [
                    105.1410141,
                    -4.69669342
                ],
                [
                    105.14133453,
                    -4.6949563
                ],
                [
                    105.14188385,
                    -4.69366264
                ],
                [
                    105.14196014,
                    -4.69270372
                ],
                [
                    105.14202881,
                    -4.69172668
                ],
                [
                    105.14182281,
                    -4.69062328
                ],
                [
                    105.14159393,
                    -4.69021606
                ],
                [
                    105.14146423,
                    -4.68998098
                ],
                [
                    105.14105988,
                    -4.68930244
                ],
                [
                    105.14019775,
                    -4.6881175
                ],
                [
                    105.13934326,
                    -4.6871767
                ],
                [
                    105.1384201,
                    -4.6862092
                ],
                [
                    105.13761902,
                    -4.68509102
                ],
                [
                    105.13787079,
                    -4.68487072
                ],
                [
                    105.1379776,
                    -4.68477583
                ],
                [
                    105.13907623,
                    -4.6839695
                ],
                [
                    105.1391983,
                    -4.68387699
                ],
                [
                    105.13980865,
                    -4.68307877
                ],
                [
                    105.13974762,
                    -4.68228006
                ],
                [
                    105.1391983,
                    -4.68170977
                ],
                [
                    105.13887787,
                    -4.68137741
                ],
                [
                    105.13830566,
                    -4.68078279
                ],
                [
                    105.13816071,
                    -4.68020821
                ],
                [
                    105.13830566,
                    -4.67969513
                ],
                [
                    105.1398468,
                    -4.67872524
                ],
                [
                    105.14071655,
                    -4.6787405
                ],
                [
                    105.1408844,
                    -4.67874384
                ],
                [
                    105.14189148,
                    -4.67908573
                ],
                [
                    105.14240265,
                    -4.68007421
                ],
                [
                    105.14263916,
                    -4.68052101
                ],
                [
                    105.14320374,
                    -4.67998695
                ],
                [
                    105.14404297,
                    -4.67920351
                ],
                [
                    105.1445694,
                    -4.67783833
                ],
                [
                    105.1447525,
                    -4.67659092
                ],
                [
                    105.14479828,
                    -4.67629814
                ],
                [
                    105.14505768,
                    -4.67635822
                ],
                [
                    105.14601135,
                    -4.67658329
                ],
                [
                    105.14894867,
                    -4.6770196
                ],
                [
                    105.14980316,
                    -4.6770196
                ],
                [
                    105.15077209,
                    -4.67582178
                ],
                [
                    105.1512146,
                    -4.67527485
                ],
                [
                    105.15283966,
                    -4.6753459
                ],
                [
                    105.15380096,
                    -4.67593527
                ],
                [
                    105.1548233,
                    -4.67701864
                ],
                [
                    105.15509796,
                    -4.67730474
                ],
                [
                    105.15592194,
                    -4.67713261
                ],
                [
                    105.15647125,
                    -4.67654324
                ],
                [
                    105.15666199,
                    -4.67574453
                ],
                [
                    105.15698242,
                    -4.67458487
                ],
                [
                    105.1572876,
                    -4.67392349
                ],
                [
                    105.157547,
                    -4.6733489
                ],
                [
                    105.15828705,
                    -4.67322588
                ],
                [
                    105.15891266,
                    -4.6731205
                ],
                [
                    105.15940094,
                    -4.67229128
                ],
                [
                    105.15962219,
                    -4.67180586
                ],
                [
                    105.16056061,
                    -4.66968727
                ],
                [
                    105.1605072,
                    -4.66646147
                ],
                [
                    105.1605072,
                    -4.66636038
                ],
                [
                    105.16204071,
                    -4.66550589
                ],
                [
                    105.16391754,
                    -4.66365194
                ],
                [
                    105.16645813,
                    -4.65740108
                ],
                [
                    105.16956329,
                    -4.65207672
                ],
                [
                    105.17068481,
                    -4.65095186
                ],
                [
                    105.17097473,
                    -4.6503644
                ],
                [
                    105.17144775,
                    -4.64990711
                ],
                [
                    105.1720047,
                    -4.64912748
                ],
                [
                    105.17222595,
                    -4.6482234
                ],
                [
                    105.17228699,
                    -4.64766264
                ],
                [
                    105.17240906,
                    -4.6471014
                ],
                [
                    105.1729126,
                    -4.64613485
                ],
                [
                    105.17328644,
                    -4.64544916
                ],
                [
                    105.1736908,
                    -4.64513731
                ],
                [
                    105.17424774,
                    -4.64476347
                ],
                [
                    105.17506409,
                    -4.64451408
                ],
                [
                    105.17636871,
                    -4.64395285
                ],
                [
                    105.17674255,
                    -4.64389038
                ],
                [
                    105.17736816,
                    -4.64370346
                ],
                [
                    105.17777252,
                    -4.64329815
                ],
                [
                    105.17883301,
                    -4.64220715
                ],
                [
                    105.17920685,
                    -4.64183283
                ],
                [
                    105.17939758,
                    -4.64152145
                ],
                [
                    105.17955017,
                    -4.64096022
                ],
                [
                    105.17967224,
                    -4.6405859
                ],
                [
                    105.18032837,
                    -4.63977575
                ],
                [
                    105.18080139,
                    -4.63956308
                ],
                [
                    105.18238068,
                    -4.63885403
                ],
                [
                    105.17997742,
                    -4.63716125
                ],
                [
                    105.17732239,
                    -4.63529158
                ],
                [
                    105.17716217,
                    -4.63481522
                ],
                [
                    105.17662048,
                    -4.62947798
                ],
                [
                    105.17620087,
                    -4.62459278
                ],
                [
                    105.17634583,
                    -4.62258434
                ],
                [
                    105.17633057,
                    -4.62102842
                ],
                [
                    105.17646027,
                    -4.62046385
                ],
                [
                    105.176651,
                    -4.62025928
                ],
                [
                    105.17724609,
                    -4.61944485
                ],
                [
                    105.17784882,
                    -4.61870289
                ],
                [
                    105.17847443,
                    -4.61788845
                ],
                [
                    105.17964935,
                    -4.61682081
                ],
                [
                    105.18143463,
                    -4.61556292
                ],
                [
                    105.18283081,
                    -4.61503792
                ],
                [
                    105.18530273,
                    -4.61475658
                ],
                [
                    105.18874359,
                    -4.61464739
                ],
                [
                    105.19163513,
                    -4.6145649
                ],
                [
                    105.19376373,
                    -4.614501
                ],
                [
                    105.19616699,
                    -4.61425638
                ],
                [
                    105.19820404,
                    -4.61375475
                ],
                [
                    105.19927979,
                    -4.61349058
                ],
                [
                    105.1995163,
                    -4.61343193
                ],
                [
                    105.19971466,
                    -4.61334133
                ],
                [
                    105.20040131,
                    -4.6130209
                ],
                [
                    105.19983673,
                    -4.61095476
                ],
                [
                    105.19972992,
                    -4.61055517
                ],
                [
                    105.20028687,
                    -4.6105299
                ],
                [
                    105.20028687,
                    -4.61036968
                ],
                [
                    105.20027924,
                    -4.60825205
                ],
                [
                    105.20026398,
                    -4.60305405
                ],
                [
                    105.20026398,
                    -4.59864998
                ],
                [
                    105.20322418,
                    -4.58379316
                ],
                [
                    105.20326233,
                    -4.58358335
                ],
                [
                    105.2011795,
                    -4.58358383
                ],
                [
                    105.19971466,
                    -4.58358431
                ],
                [
                    105.19841766,
                    -4.58358479
                ],
                [
                    105.1984024,
                    -4.58344841
                ],
                [
                    105.19828033,
                    -4.58231306
                ],
                [
                    105.19749451,
                    -4.57461929
                ],
                [
                    105.19749451,
                    -4.57451487
                ],
                [
                    105.19725037,
                    -4.57448769
                ],
                [
                    105.1968689,
                    -4.57439423
                ],
                [
                    105.19678497,
                    -4.57437372
                ],
                [
                    105.19606018,
                    -4.57419872
                ],
                [
                    105.19598389,
                    -4.57418013
                ],
                [
                    105.19528961,
                    -4.57401037
                ],
                [
                    105.18986511,
                    -4.57269287
                ],
                [
                    105.18836212,
                    -4.57269335
                ],
                [
                    105.18732452,
                    -4.57269382
                ],
                [
                    105.18603516,
                    -4.57255745
                ],
                [
                    105.18327332,
                    -4.57226658
                ],
                [
                    105.18099213,
                    -4.56945229
                ],
                [
                    105.18019104,
                    -4.5684638
                ],
                [
                    105.17914581,
                    -4.56717157
                ],
                [
                    105.17572784,
                    -4.562953
                ],
                [
                    105.1754303,
                    -4.5620718
                ],
                [
                    105.17447662,
                    -4.55920076
                ],
                [
                    105.17435455,
                    -4.5589571
                ],
                [
                    105.17449188,
                    -4.55897236
                ],
                [
                    105.17490387,
                    -4.55901909
                ],
                [
                    105.17513275,
                    -4.54914093
                ],
                [
                    105.17518616,
                    -4.54651785
                ],
                [
                    105.17608643,
                    -4.53187323
                ],
                [
                    105.17610931,
                    -4.53157091
                ],
                [
                    105.17604828,
                    -4.53107166
                ],
                [
                    105.17602539,
                    -4.5308814
                ],
                [
                    105.17597961,
                    -4.53047323
                ],
                [
                    105.17402649,
                    -4.51419115
                ],
                [
                    105.16330719,
                    -4.50469446
                ],
                [
                    105.16316986,
                    -4.50457668
                ],
                [
                    105.16142273,
                    -4.49841881
                ],
                [
                    105.16085052,
                    -4.49642229
                ],
                [
                    105.16233826,
                    -4.49827862
                ],
                [
                    105.16292572,
                    -4.49875402
                ],
                [
                    105.16404724,
                    -4.49966002
                ],
                [
                    105.16412354,
                    -4.49972343
                ],
                [
                    105.16483307,
                    -4.50007629
                ],
                [
                    105.16556549,
                    -4.50044489
                ],
                [
                    105.16661072,
                    -4.50096941
                ],
                [
                    105.16713715,
                    -4.50075436
                ],
                [
                    105.17044067,
                    -4.4994235
                ],
                [
                    105.17146301,
                    -4.49879837
                ],
                [
                    105.17227173,
                    -4.49830151
                ],
                [
                    105.17664337,
                    -4.49737787
                ],
                [
                    105.1815567,
                    -4.49568176
                ],
                [
                    105.18250275,
                    -4.4955821
                ],
                [
                    105.18276978,
                    -4.4954133
                ],
                [
                    105.18305969,
                    -4.49538279
                ],
                [
                    105.18334961,
                    -4.49520111
                ],
                [
                    105.18385315,
                    -4.49488401
                ],
                [
                    105.18414307,
                    -4.49469662
                ],
                [
                    105.18440247,
                    -4.49453497
                ],
                [
                    105.18572235,
                    -4.49194717
                ],
                [
                    105.18642426,
                    -4.49062967
                ],
                [
                    105.19482422,
                    -4.48675585
                ],
                [
                    105.19532013,
                    -4.48647451
                ],
                [
                    105.19586945,
                    -4.48615742
                ],
                [
                    105.19577026,
                    -4.48604918
                ],
                [
                    105.1953125,
                    -4.48635674
                ],
                [
                    105.19455719,
                    -4.4855175
                ],
                [
                    105.19412231,
                    -4.48503685
                ],
                [
                    105.19113159,
                    -4.4842186
                ],
                [
                    105.18954468,
                    -4.48198891
                ],
                [
                    105.18817139,
                    -4.48006058
                ],
                [
                    105.18753052,
                    -4.47839403
                ],
                [
                    105.18736267,
                    -4.47620964
                ],
                [
                    105.18724823,
                    -4.47472668
                ],
                [
                    105.18881226,
                    -4.47297812
                ],
                [
                    105.19049072,
                    -4.47110701
                ],
                [
                    105.1919632,
                    -4.47020054
                ],
                [
                    105.19308472,
                    -4.46873808
                ],
                [
                    105.19452667,
                    -4.46806145
                ],
                [
                    105.19470978,
                    -4.46803665
                ],
                [
                    105.19508362,
                    -4.46786261
                ],
                [
                    105.19602203,
                    -4.46773434
                ],
                [
                    105.19696045,
                    -4.46760559
                ],
                [
                    105.19942474,
                    -4.46818495
                ],
                [
                    105.20075226,
                    -4.46849823
                ],
                [
                    105.20180511,
                    -4.4682436
                ],
                [
                    105.20328522,
                    -4.46696711
                ],
                [
                    105.20410156,
                    -4.46564674
                ],
                [
                    105.2053299,
                    -4.46226501
                ],
                [
                    105.20550537,
                    -4.46178865
                ],
                [
                    105.20628357,
                    -4.46216297
                ],
                [
                    105.20812225,
                    -4.46303082
                ],
                [
                    105.20918274,
                    -4.46365738
                ],
                [
                    105.21072388,
                    -4.46399498
                ],
                [
                    105.21168518,
                    -4.46399498
                ],
                [
                    105.2129364,
                    -4.4637537
                ],
                [
                    105.2137146,
                    -4.46303082
                ],
                [
                    105.21438599,
                    -4.46230793
                ],
                [
                    105.21477509,
                    -4.46018648
                ],
                [
                    105.21563721,
                    -4.45546246
                ],
                [
                    105.21655273,
                    -4.4525218
                ],
                [
                    105.21703339,
                    -4.45083475
                ],
                [
                    105.21742249,
                    -4.45011187
                ],
                [
                    105.21838379,
                    -4.44876194
                ],
                [
                    105.21944427,
                    -4.44818354
                ],
                [
                    105.22022247,
                    -4.4478941
                ],
                [
                    105.22128296,
                    -4.44779778
                ],
                [
                    105.22200012,
                    -4.44784594
                ],
                [
                    105.22296906,
                    -4.44847298
                ],
                [
                    105.22373962,
                    -4.44962978
                ],
                [
                    105.22518158,
                    -4.45069027
                ],
                [
                    105.22686768,
                    -4.45189524
                ],
                [
                    105.22802734,
                    -4.45324516
                ],
                [
                    105.22898865,
                    -4.45449829
                ],
                [
                    105.22956848,
                    -4.45580006
                ],
                [
                    105.22976685,
                    -4.45777655
                ],
                [
                    105.23029327,
                    -4.45989752
                ],
                [
                    105.23068237,
                    -4.46105433
                ],
                [
                    105.23154449,
                    -4.46216297
                ],
                [
                    105.23260498,
                    -4.46250057
                ],
                [
                    105.23342896,
                    -4.46245241
                ],
                [
                    105.23439026,
                    -4.46206665
                ],
                [
                    105.23574066,
                    -4.46139193
                ],
                [
                    105.23665619,
                    -4.46047592
                ],
                [
                    105.23713684,
                    -4.46018648
                ],
                [
                    105.23810577,
                    -4.46009016
                ],
                [
                    105.23882294,
                    -4.46033144
                ],
                [
                    105.23945618,
                    -4.4612956
                ],
                [
                    105.2399826,
                    -4.46336842
                ],
                [
                    105.24079895,
                    -4.46505547
                ],
                [
                    105.24162292,
                    -4.46659803
                ],
                [
                    105.24181366,
                    -4.46852636
                ],
                [
                    105.24210358,
                    -4.47021341
                ],
                [
                    105.24239349,
                    -4.47151518
                ],
                [
                    105.24355316,
                    -4.4721899
                ],
                [
                    105.24485016,
                    -4.47233438
                ],
                [
                    105.24615479,
                    -4.47238255
                ],
                [
                    105.24692535,
                    -4.47263861
                ],
                [
                    105.24755859,
                    -4.47263813
                ],
                [
                    105.2474823,
                    -4.47244406
                ],
                [
                    105.24744415,
                    -4.47205925
                ],
                [
                    105.24744415,
                    -4.47193384
                ],
                [
                    105.24771118,
                    -4.47167778
                ],
                [
                    105.24810028,
                    -4.4717555
                ],
                [
                    105.24817657,
                    -4.47177172
                ],
                [
                    105.24873352,
                    -4.47255087
                ],
                [
                    105.25131226,
                    -4.47135973
                ],
                [
                    105.25363922,
                    -4.46996355
                ],
                [
                    105.25489044,
                    -4.46856356
                ],
                [
                    105.25519562,
                    -4.46822071
                ],
                [
                    105.25547791,
                    -4.46790171
                ],
                [
                    105.25540924,
                    -4.46777153
                ],
                [
                    105.25470734,
                    -4.4663558
                ],
                [
                    105.25595856,
                    -4.46403646
                ],
                [
                    105.25740051,
                    -4.45978498
                ],
                [
                    105.26027679,
                    -4.45349932
                ],
                [
                    105.2624054,
                    -4.45002413
                ],
                [
                    105.26668549,
                    -4.44563723
                ],
                [
                    105.26699066,
                    -4.44532681
                ],
                [
                    105.26730347,
                    -4.44500113
                ],
                [
                    105.26425934,
                    -4.44378901
                ],
                [
                    105.2582016,
                    -4.44158554
                ],
                [
                    105.25659943,
                    -4.43970394
                ],
                [
                    105.25692749,
                    -4.43701696
                ],
                [
                    105.25798798,
                    -4.43488979
                ],
                [
                    105.25665283,
                    -4.42974043
                ],
                [
                    105.25558472,
                    -4.42525339
                ],
                [
                    105.25582886,
                    -4.4243331
                ],
                [
                    105.25667572,
                    -4.42251348
                ],
                [
                    105.25480652,
                    -4.4204154
                ],
                [
                    105.25261688,
                    -4.41849995
                ],
                [
                    105.25197601,
                    -4.41862583
                ],
                [
                    105.251091,
                    -4.41883612
                ],
                [
                    105.24755096,
                    -4.41953278
                ],
                [
                    105.24719238,
                    -4.41906214
                ],
                [
                    105.24378967,
                    -4.41459036
                ],
                [
                    105.24005127,
                    -4.41233826
                ],
                [
                    105.24204254,
                    -4.40958357
                ],
                [
                    105.24229431,
                    -4.40708017
                ],
                [
                    105.24360657,
                    -4.389678
                ],
                [
                    105.24227905,
                    -4.38916492
                ],
                [
                    105.24078369,
                    -4.38858891
                ],
                [
                    105.23897552,
                    -4.38789225
                ],
                [
                    105.23791504,
                    -4.38814306
                ],
                [
                    105.23267365,
                    -4.38938379
                ],
                [
                    105.23238373,
                    -4.38934851
                ],
                [
                    105.23126221,
                    -4.38909435
                ],
                [
                    105.22932434,
                    -4.38865662
                ],
                [
                    105.22885132,
                    -4.38887501
                ],
                [
                    105.2287674,
                    -4.38885546
                ],
                [
                    105.22788239,
                    -4.38926697
                ],
                [
                    105.2277832,
                    -4.38931322
                ],
                [
                    105.22637939,
                    -4.38893223
                ],
                [
                    105.21992493,
                    -4.38718319
                ],
                [
                    105.21983337,
                    -4.38686705
                ],
                [
                    105.21949005,
                    -4.38534307
                ],
                [
                    105.2192688,
                    -4.38457823
                ],
                [
                    105.21672058,
                    -4.38200188
                ],
                [
                    105.21614075,
                    -4.3818574
                ],
                [
                    105.21559143,
                    -4.38167572
                ],
                [
                    105.21458435,
                    -4.38146639
                ],
                [
                    105.21408081,
                    -4.3813405
                ],
                [
                    105.21244812,
                    -4.3809309
                ],
                [
                    105.20995331,
                    -4.38039541
                ],
                [
                    105.20791626,
                    -4.38026381
                ],
                [
                    105.20612335,
                    -4.38014841
                ],
                [
                    105.20528412,
                    -4.38032913
                ],
                [
                    105.20497131,
                    -4.38039684
                ],
                [
                    105.20470428,
                    -4.38045311
                ],
                [
                    105.20443726,
                    -4.38003635
                ],
                [
                    105.20185089,
                    -4.37615681
                ],
                [
                    105.20016479,
                    -4.37198734
                ],
                [
                    105.20158386,
                    -4.36967564
                ],
                [
                    105.20091248,
                    -4.36004877
                ],
                [
                    105.20089722,
                    -4.35984373
                ],
                [
                    105.20300293,
                    -4.35986567
                ],
                [
                    105.20362854,
                    -4.35987234
                ],
                [
                    105.20349121,
                    -4.35936642
                ],
                [
                    105.20800781,
                    -4.35527277
                ],
                [
                    105.2081604,
                    -4.35513735
                ],
                [
                    105.21663666,
                    -4.3538084
                ],
                [
                    105.21813965,
                    -4.35357189
                ],
                [
                    105.21882629,
                    -4.35346508
                ],
                [
                    105.2205658,
                    -4.35319138
                ],
                [
                    105.22600555,
                    -4.36016273
                ],
                [
                    105.22608948,
                    -4.36027431
                ],
                [
                    105.22988892,
                    -4.36032104
                ],
                [
                    105.23007202,
                    -4.36032295
                ],
                [
                    105.23064423,
                    -4.3603301
                ],
                [
                    105.23062134,
                    -4.36010408
                ],
                [
                    105.23055267,
                    -4.35937881
                ],
                [
                    105.22990417,
                    -4.35227489
                ],
                [
                    105.23163605,
                    -4.3517518
                ],
                [
                    105.23217773,
                    -4.35158825
                ],
                [
                    105.23308563,
                    -4.34913158
                ],
                [
                    105.23252106,
                    -4.34558964
                ],
                [
                    105.23137665,
                    -4.34444714
                ],
                [
                    105.23109436,
                    -4.34347582
                ],
                [
                    105.22915649,
                    -4.34376144
                ],
                [
                    105.22875977,
                    -4.34381962
                ],
                [
                    105.22879791,
                    -4.34393167
                ],
                [
                    105.22961426,
                    -4.34644747
                ],
                [
                    105.22903442,
                    -4.34657478
                ],
                [
                    105.22727966,
                    -4.34696198
                ],
                [
                    105.22187805,
                    -4.34804916
                ],
                [
                    105.22064209,
                    -4.34774733
                ],
                [
                    105.21954346,
                    -4.34747887
                ],
                [
                    105.21872711,
                    -4.34764719
                ],
                [
                    105.21123505,
                    -4.349195
                ],
                [
                    105.21116638,
                    -4.34864712
                ],
                [
                    105.21105957,
                    -4.34782362
                ],
                [
                    105.20906067,
                    -4.34815931
                ],
                [
                    105.20423126,
                    -4.34896851
                ],
                [
                    105.20411682,
                    -4.34850645
                ],
                [
                    105.20388794,
                    -4.34759712
                ],
                [
                    105.20491028,
                    -4.34685421
                ],
                [
                    105.20458984,
                    -4.34393454
                ],
                [
                    105.2045517,
                    -4.34361506
                ],
                [
                    105.20428467,
                    -4.3437953
                ],
                [
                    105.20330048,
                    -4.34145594
                ],
                [
                    105.20446014,
                    -4.33767605
                ],
                [
                    105.20676422,
                    -4.33519506
                ],
                [
                    105.20690918,
                    -4.33502579
                ],
                [
                    105.20692444,
                    -4.33492708
                ],
                [
                    105.20687866,
                    -4.33474302
                ],
                [
                    105.20562744,
                    -4.32894754
                ],
                [
                    105.20358276,
                    -4.32890224
                ],
                [
                    105.20159149,
                    -4.32885742
                ],
                [
                    105.20157623,
                    -4.32876778
                ],
                [
                    105.20087433,
                    -4.32426977
                ],
                [
                    105.20042419,
                    -4.32180119
                ],
                [
                    105.20036316,
                    -4.32147741
                ],
                [
                    105.20040894,
                    -4.31986523
                ],
                [
                    105.20040894,
                    -4.31968975
                ],
                [
                    105.20051575,
                    -4.31554127
                ],
                [
                    105.20035553,
                    -4.30365324
                ],
                [
                    105.20035553,
                    -4.30353451
                ],
                [
                    105.2003479,
                    -4.30310154
                ],
                [
                    105.20033264,
                    -4.30177402
                ],
                [
                    105.19939423,
                    -4.30176258
                ],
                [
                    105.19827271,
                    -4.30174875
                ],
                [
                    105.18229675,
                    -4.30155563
                ],
                [
                    105.18212128,
                    -4.30144262
                ],
                [
                    105.1804657,
                    -4.30037212
                ],
                [
                    105.17862701,
                    -4.29905748
                ],
                [
                    105.17810059,
                    -4.29747915
                ],
                [
                    105.17749023,
                    -4.29674625
                ],
                [
                    105.17744446,
                    -4.29668999
                ],
                [
                    105.17610168,
                    -4.29632139
                ],
                [
                    105.1760025,
                    -4.29629564
                ],
                [
                    105.1753006,
                    -4.2965312
                ],
                [
                    105.17521667,
                    -4.29655886
                ],
                [
                    105.17349243,
                    -4.29631186
                ],
                [
                    105.17338562,
                    -4.2962966
                ],
                [
                    105.17227173,
                    -4.2962966
                ],
                [
                    105.17154694,
                    -4.2962966
                ],
                [
                    105.17050171,
                    -4.29642868
                ],
                [
                    105.17025757,
                    -4.29658794
                ],
                [
                    105.16994476,
                    -4.29662752
                ],
                [
                    105.16929626,
                    -4.29705954
                ],
                [
                    105.16749573,
                    -4.29751635
                ],
                [
                    105.16732025,
                    -4.29761839
                ],
                [
                    105.16693878,
                    -4.29771519
                ],
                [
                    105.16565704,
                    -4.29847479
                ],
                [
                    105.16533661,
                    -4.29866695
                ],
                [
                    105.16415405,
                    -4.29813957
                ],
                [
                    105.16384888,
                    -4.2980032
                ],
                [
                    105.16228485,
                    -4.29809189
                ],
                [
                    105.16095734,
                    -4.29816771
                ],
                [
                    105.16056061,
                    -4.29793692
                ],
                [
                    105.15940094,
                    -4.2972579
                ],
                [
                    105.15824127,
                    -4.29552889
                ],
                [
                    105.15847015,
                    -4.27452707
                ],
                [
                    105.15847015,
                    -4.2738657
                ],
                [
                    105.16114044,
                    -4.27178192
                ],
                [
                    105.16344452,
                    -4.26938772
                ],
                [
                    105.16356659,
                    -4.26926374
                ],
                [
                    105.16939545,
                    -4.26825905
                ],
                [
                    105.16950226,
                    -4.26823997
                ],
                [
                    105.17908478,
                    -4.26900101
                ],
                [
                    105.17935181,
                    -4.26902246
                ],
                [
                    105.18019867,
                    -4.2690897
                ],
                [
                    105.18984222,
                    -4.2695713
                ],
                [
                    105.19038391,
                    -4.26959848
                ],
                [
                    105.19041443,
                    -4.2690177
                ],
                [
                    105.19042206,
                    -4.2688489
                ],
                [
                    105.19088745,
                    -4.26039648
                ],
                [
                    105.19067383,
                    -4.25294971
                ],
                [
                    105.18890381,
                    -4.2437582
                ],
                [
                    105.18885803,
                    -4.24350929
                ],
                [
                    105.18881989,
                    -4.24331903
                ],
                [
                    105.18885803,
                    -4.24288368
                ],
                [
                    105.1891861,
                    -4.23875618
                ],
                [
                    105.19037628,
                    -4.23432541
                ],
                [
                    105.19314575,
                    -4.23319292
                ],
                [
                    105.19345093,
                    -4.23306799
                ],
                [
                    105.19586182,
                    -4.23235035
                ],
                [
                    105.19732666,
                    -4.23191881
                ],
                [
                    105.19909668,
                    -4.23149157
                ],
                [
                    105.19937134,
                    -4.23142624
                ],
                [
                    105.20178986,
                    -4.23028421
                ],
                [
                    105.20217896,
                    -4.2300992
                ],
                [
                    105.20690918,
                    -4.22969627
                ],
                [
                    105.21065521,
                    -4.22937679
                ],
                [
                    105.21073151,
                    -4.22937012
                ],
                [
                    105.21369171,
                    -4.22817755
                ],
                [
                    105.2146759,
                    -4.22650957
                ],
                [
                    105.21598816,
                    -4.22431087
                ],
                [
                    105.21602631,
                    -4.22295141
                ],
                [
                    105.21604156,
                    -4.22241497
                ],
                [
                    105.21617889,
                    -4.22228003
                ],
                [
                    105.2165451,
                    -4.22193861
                ],
                [
                    105.21640778,
                    -4.22175217
                ],
                [
                    105.21626282,
                    -4.22154808
                ],
                [
                    105.21624756,
                    -4.2201767
                ],
                [
                    105.21621704,
                    -4.21614552
                ],
                [
                    105.21707153,
                    -4.21331596
                ],
                [
                    105.21998596,
                    -4.21110535
                ],
                [
                    105.22327423,
                    -4.20748329
                ],
                [
                    105.22444916,
                    -4.20408535
                ],
                [
                    105.22477722,
                    -4.20090103
                ],
                [
                    105.22407532,
                    -4.19576359
                ],
                [
                    105.224617,
                    -4.192451
                ],
                [
                    105.22463989,
                    -4.19232512
                ],
                [
                    105.22466278,
                    -4.1921854
                ],
                [
                    105.22472382,
                    -4.19181108
                ],
                [
                    105.22460175,
                    -4.19173145
                ],
                [
                    105.22560883,
                    -4.18970633
                ],
                [
                    105.22572327,
                    -4.18948269
                ],
                [
                    105.22870636,
                    -4.18964815
                ],
                [
                    105.23068237,
                    -4.18882608
                ],
                [
                    105.22763062,
                    -4.18445635
                ],
                [
                    105.22757721,
                    -4.18438339
                ],
                [
                    105.2272644,
                    -4.18392992
                ],
                [
                    105.22690582,
                    -4.18341875
                ],
                [
                    105.22680664,
                    -4.18327761
                ],
                [
                    105.2259903,
                    -4.18282461
                ],
                [
                    105.22533417,
                    -4.18237543
                ],
                [
                    105.21852112,
                    -4.177701
                ],
                [
                    105.212677,
                    -4.17237091
                ],
                [
                    105.21224213,
                    -4.17203665
                ],
                [
                    105.21126556,
                    -4.17129183
                ],
                [
                    105.21011353,
                    -4.17040634
                ],
                [
                    105.20742035,
                    -4.17022657
                ],
                [
                    105.20728302,
                    -4.17021894
                ],
                [
                    105.20418549,
                    -4.17004728
                ],
                [
                    105.20401764,
                    -4.17022324
                ],
                [
                    105.20287323,
                    -4.1714406
                ],
                [
                    105.20191193,
                    -4.17152834
                ],
                [
                    105.20149231,
                    -4.17156649
                ],
                [
                    105.20005798,
                    -4.17329502
                ],
                [
                    105.19556427,
                    -4.17564106
                ],
                [
                    105.19179535,
                    -4.18195486
                ],
                [
                    105.18700409,
                    -4.18497038
                ],
                [
                    105.1866684,
                    -4.18631649
                ],
                [
                    105.18640137,
                    -4.18736744
                ],
                [
                    105.18592834,
                    -4.1873827
                ],
                [
                    105.18543243,
                    -4.18739843
                ],
                [
                    105.18211365,
                    -4.18750334
                ],
                [
                    105.181633,
                    -4.18751812
                ],
                [
                    105.18106079,
                    -4.18753624
                ],
                [
                    105.18065643,
                    -4.18754911
                ],
                [
                    105.18017578,
                    -4.18756723
                ],
                [
                    105.17991638,
                    -4.18767071
                ],
                [
                    105.17334747,
                    -4.19027424
                ],
                [
                    105.16760254,
                    -4.19388294
                ],
                [
                    105.1618576,
                    -4.19749165
                ],
                [
                    105.16138458,
                    -4.19757175
                ],
                [
                    105.15628815,
                    -4.19843626
                ],
                [
                    105.15612793,
                    -4.19848728
                ],
                [
                    105.14945984,
                    -4.20056057
                ],
                [
                    105.14784241,
                    -4.20118046
                ],
                [
                    105.14754486,
                    -4.20129395
                ],
                [
                    105.14746857,
                    -4.20129347
                ],
                [
                    105.14726257,
                    -4.2013135
                ],
                [
                    105.14685822,
                    -4.20131016
                ],
                [
                    105.14451599,
                    -4.20129108
                ],
                [
                    105.14400482,
                    -4.20128727
                ],
                [
                    105.14399719,
                    -4.20140314
                ],
                [
                    105.14315033,
                    -4.21026993
                ],
                [
                    105.14292908,
                    -4.21021795
                ],
                [
                    105.14239502,
                    -4.21822071
                ],
                [
                    105.14411163,
                    -4.22249699
                ],
                [
                    105.13918304,
                    -4.22386026
                ],
                [
                    105.13902283,
                    -4.22375774
                ],
                [
                    105.13841248,
                    -4.22336769
                ],
                [
                    105.13663483,
                    -4.22223997
                ],
                [
                    105.1346817,
                    -4.21956348
                ],
                [
                    105.13076782,
                    -4.21099758
                ],
                [
                    105.13039398,
                    -4.2112484
                ],
                [
                    105.12995911,
                    -4.21154308
                ],
                [
                    105.12924194,
                    -4.2120285
                ],
                [
                    105.12290192,
                    -4.21630287
                ],
                [
                    105.12265015,
                    -4.21616507
                ],
                [
                    105.12245941,
                    -4.2160573
                ],
                [
                    105.1217041,
                    -4.21563911
                ],
                [
                    105.12145996,
                    -4.21578503
                ],
                [
                    105.12110901,
                    -4.2159915
                ],
                [
                    105.12082672,
                    -4.21615839
                ],
                [
                    105.10766602,
                    -4.22392225
                ],
                [
                    105.10766602,
                    -4.22365808
                ],
                [
                    105.10766602,
                    -4.22346258
                ],
                [
                    105.10766602,
                    -4.22257042
                ],
                [
                    105.10765839,
                    -4.20778704
                ],
                [
                    105.10765839,
                    -4.20767546
                ],
                [
                    105.10818481,
                    -4.20767546
                ],
                [
                    105.10973358,
                    -4.20767546
                ],
                [
                    105.11024475,
                    -4.20765734
                ],
                [
                    105.1107254,
                    -4.20765734
                ],
                [
                    105.11094666,
                    -4.20370102
                ],
                [
                    105.110466,
                    -4.20371914
                ],
                [
                    105.1031723,
                    -4.20432997
                ],
                [
                    105.10258484,
                    -4.20437956
                ],
                [
                    105.10211182,
                    -4.20448732
                ],
                [
                    105.1006012,
                    -4.20482969
                ],
                [
                    105.10019684,
                    -4.20486689
                ],
                [
                    105.10009003,
                    -4.20491886
                ],
                [
                    105.09997559,
                    -4.20493841
                ],
                [
                    105.0995636,
                    -4.20503044
                ],
                [
                    105.09945679,
                    -4.20505047
                ],
                [
                    105.0993042,
                    -4.20507669
                ],
                [
                    105.09753418,
                    -4.20538568
                ],
                [
                    105.09584045,
                    -4.20568085
                ],
                [
                    105.08751678,
                    -4.20897865
                ],
                [
                    105.08757019,
                    -4.21480083
                ],
                [
                    105.08708954,
                    -4.21471405
                ],
                [
                    105.08657074,
                    -4.21461916
                ],
                [
                    105.08576965,
                    -4.21447372
                ],
                [
                    105.08576965,
                    -4.21457863
                ],
                [
                    105.08576965,
                    -4.21478462
                ],
                [
                    105.08576965,
                    -4.2199688
                ],
                [
                    105.085289,
                    -4.21993446
                ],
                [
                    105.0847702,
                    -4.21989727
                ],
                [
                    105.08370972,
                    -4.21982098
                ],
                [
                    105.08052826,
                    -4.21959257
                ],
                [
                    105.08042145,
                    -4.21959734
                ],
                [
                    105.07842255,
                    -4.21787643
                ],
                [
                    105.07652283,
                    -4.21787691
                ],
                [
                    105.07281494,
                    -4.21787739
                ],
                [
                    105.06885529,
                    -4.21787739
                ],
                [
                    105.06869507,
                    -4.21774149
                ],
                [
                    105.06687927,
                    -4.21622181
                ],
                [
                    105.06655121,
                    -4.21423483
                ],
                [
                    105.06621552,
                    -4.20992899
                ],
                [
                    105.06621552,
                    -4.20727968
                ],
                [
                    105.06568909,
                    -4.20694685
                ],
                [
                    105.06520844,
                    -4.20664692
                ],
                [
                    105.0641861,
                    -4.2060051
                ],
                [
                    105.06419373,
                    -4.20590544
                ],
                [
                    105.0642395,
                    -4.20576191
                ],
                [
                    105.07093048,
                    -4.18441486
                ],
                [
                    105.07096863,
                    -4.18429613
                ],
                [
                    105.07328796,
                    -4.17535162
                ],
                [
                    105.07339478,
                    -4.17499495
                ],
                [
                    105.07214355,
                    -4.1726203
                ],
                [
                    105.07191467,
                    -4.17217827
                ],
                [
                    105.06867218,
                    -4.16601324
                ],
                [
                    105.06065369,
                    -4.15954542
                ],
                [
                    105.06137085,
                    -4.15899992
                ],
                [
                    105.06417084,
                    -4.15719414
                ],
                [
                    105.06082153,
                    -4.15171385
                ],
                [
                    105.0623703,
                    -4.15084743
                ],
                [
                    105.05518341,
                    -4.14467192
                ],
                [
                    105.05042267,
                    -4.14157104
                ],
                [
                    105.0499649,
                    -4.14127111
                ],
                [
                    105.04936218,
                    -4.14134026
                ],
                [
                    105.04904175,
                    -4.14151525
                ],
                [
                    105.0484848,
                    -4.14151525
                ],
                [
                    105.04789734,
                    -4.14148092
                ],
                [
                    105.04769897,
                    -4.14168262
                ],
                [
                    105.04418945,
                    -4.13944197
                ],
                [
                    105.04164124,
                    -4.1397624
                ],
                [
                    105.04060364,
                    -4.13983202
                ],
                [
                    105.0402298,
                    -4.13962555
                ],
                [
                    105.03921509,
                    -4.13966084
                ],
                [
                    105.03862,
                    -4.13966084
                ],
                [
                    105.03839111,
                    -4.13998032
                ],
                [
                    105.03691864,
                    -4.14007854
                ],
                [
                    105.03380585,
                    -4.14212561
                ],
                [
                    105.03291321,
                    -4.14272308
                ],
                [
                    105.03227997,
                    -4.14314651
                ],
                [
                    105.0311203,
                    -4.14392424
                ],
                [
                    105.03096008,
                    -4.14410686
                ],
                [
                    105.02961731,
                    -4.14566469
                ],
                [
                    105.02697754,
                    -4.14872551
                ],
                [
                    105.02646637,
                    -4.15032291
                ],
                [
                    105.02597809,
                    -4.1518569
                ],
                [
                    105.02577209,
                    -4.15201235
                ],
                [
                    105.025177,
                    -4.15257263
                ],
                [
                    105.02528381,
                    -4.15292215
                ],
                [
                    105.02549744,
                    -4.15335274
                ],
                [
                    105.02507782,
                    -4.15467739
                ],
                [
                    105.02481842,
                    -4.15549231
                ],
                [
                    105.02456665,
                    -4.15628099
                ],
                [
                    105.02442169,
                    -4.15672779
                ],
                [
                    105.02349091,
                    -4.15716028
                ],
                [
                    105.02122498,
                    -4.15821171
                ],
                [
                    105.02130127,
                    -4.15837479
                ],
                [
                    105.02158356,
                    -4.15898609
                ],
                [
                    105.02143097,
                    -4.15913534
                ],
                [
                    105.02098846,
                    -4.1657896
                ],
                [
                    105.02061462,
                    -4.16618443
                ],
                [
                    105.02003479,
                    -4.16618395
                ],
                [
                    105.01947021,
                    -4.16618395
                ],
                [
                    105.01882172,
                    -4.16641712
                ],
                [
                    105.01853943,
                    -4.1669302
                ],
                [
                    105.01853943,
                    -4.16753674
                ],
                [
                    105.01853943,
                    -4.16828346
                ],
                [
                    105.0182724,
                    -4.16865969
                ],
                [
                    105.01818085,
                    -4.16875839
                ],
                [
                    105.0167923,
                    -4.1702261
                ],
                [
                    105.01569366,
                    -4.17126608
                ],
                [
                    105.01551819,
                    -4.17142868
                ],
                [
                    105.01531982,
                    -4.17161798
                ],
                [
                    105.0149231,
                    -4.17199373
                ],
                [
                    105.01446533,
                    -4.17242575
                ],
                [
                    105.01308441,
                    -4.17373133
                ],
                [
                    105.01285553,
                    -4.17322874
                ],
                [
                    105.01229095,
                    -4.17310429
                ],
                [
                    105.01148224,
                    -4.17341566
                ],
                [
                    105.01055145,
                    -4.17372656
                ],
                [
                    105.00986481,
                    -4.17341566
                ],
                [
                    105.00942993,
                    -4.17347765
                ],
                [
                    105.00930786,
                    -4.17409992
                ],
                [
                    105.00875092,
                    -4.17472172
                ],
                [
                    105.00856781,
                    -4.17531776
                ],
                [
                    105.00763702,
                    -4.17563868
                ],
                [
                    105.00627136,
                    -4.17611027
                ],
                [
                    105.0062027,
                    -4.17613411
                ],
                [
                    105.00596619,
                    -4.17621517
                ],
                [
                    105.00531006,
                    -4.17643499
                ],
                [
                    105.00409698,
                    -4.17684126
                ],
                [
                    105.00289154,
                    -4.17724466
                ],
                [
                    105.00199127,
                    -4.17754602
                ],
                [
                    104.99530792,
                    -4.1755991
                ],
                [
                    104.99514008,
                    -4.17554998
                ],
                [
                    104.99482727,
                    -4.17583799
                ],
                [
                    104.99271393,
                    -4.17776775
                ],
                [
                    104.98918152,
                    -4.17488432
                ],
                [
                    104.9878006,
                    -4.17488432
                ],
                [
                    104.98564148,
                    -4.17488432
                ],
                [
                    104.98299408,
                    -4.1737752
                ],
                [
                    104.97658539,
                    -4.17200041
                ],
                [
                    104.97261047,
                    -4.1728878
                ],
                [
                    104.96929932,
                    -4.17310905
                ],
                [
                    104.9675293,
                    -4.17192554
                ],
                [
                    104.96730804,
                    -4.1717782
                ],
                [
                    104.96376801,
                    -4.17477131
                ],
                [
                    104.96303558,
                    -4.1748929
                ],
                [
                    104.96224213,
                    -4.17521954
                ],
                [
                    104.96195221,
                    -4.1756506
                ],
                [
                    104.96009064,
                    -4.17616987
                ],
                [
                    104.95913696,
                    -4.17643595
                ],
                [
                    104.95903015,
                    -4.17650032
                ],
                [
                    104.95610809,
                    -4.17825842
                ],
                [
                    104.95581818,
                    -4.17843199
                ],
                [
                    104.95452881,
                    -4.17832422
                ],
                [
                    104.9542923,
                    -4.1783042
                ],
                [
                    104.95317078,
                    -4.17821026
                ],
                [
                    104.94963074,
                    -4.18153715
                ],
                [
                    104.94896698,
                    -4.18353319
                ],
                [
                    104.94874573,
                    -4.18552971
                ],
                [
                    104.94686127,
                    -4.18990469
                ],
                [
                    104.9462738,
                    -4.19125748
                ],
                [
                    104.94587708,
                    -4.19218349
                ],
                [
                    104.94562531,
                    -4.19208765
                ],
                [
                    104.94390106,
                    -4.19143867
                ],
                [
                    104.94116211,
                    -4.19040823
                ],
                [
                    104.94057465,
                    -4.19018698
                ],
                [
                    104.93858337,
                    -4.19085217
                ],
                [
                    104.93793488,
                    -4.19109106
                ],
                [
                    104.9356308,
                    -4.19194412
                ],
                [
                    104.93438721,
                    -4.19240475
                ],
                [
                    104.93209839,
                    -4.19224024
                ],
                [
                    104.9312973,
                    -4.19218254
                ],
                [
                    104.93081665,
                    -4.19225121
                ],
                [
                    104.92922974,
                    -4.19247818
                ],
                [
                    104.92943573,
                    -4.19261265
                ],
                [
                    104.92932892,
                    -4.19331694
                ],
                [
                    104.92889404,
                    -4.19385338
                ],
                [
                    104.92886353,
                    -4.19492674
                ],
                [
                    104.92919922,
                    -4.19546366
                ],
                [
                    104.93013,
                    -4.19633579
                ],
                [
                    104.93026733,
                    -4.19714069
                ],
                [
                    104.93026733,
                    -4.19824743
                ],
                [
                    104.93056488,
                    -4.19945478
                ],
                [
                    104.92990112,
                    -4.19992447
                ],
                [
                    104.92955017,
                    -4.20007563
                ],
                [
                    104.92921448,
                    -4.20064545
                ],
                [
                    104.92921448,
                    -4.20121574
                ],
                [
                    104.92921448,
                    -4.20138359
                ],
                [
                    104.92958069,
                    -4.20165205
                ],
                [
                    104.93021393,
                    -4.20188665
                ],
                [
                    104.93035126,
                    -4.20245695
                ],
                [
                    104.93035126,
                    -4.20376492
                ],
                [
                    104.93045044,
                    -4.20487165
                ],
                [
                    104.93088531,
                    -4.20571041
                ],
                [
                    104.93128204,
                    -4.20661592
                ],
                [
                    104.93138123,
                    -4.20762205
                ],
                [
                    104.9318161,
                    -4.20866203
                ],
                [
                    104.93251801,
                    -4.21027231
                ],
                [
                    104.93270111,
                    -4.21129513
                ],
                [
                    104.93264008,
                    -4.21213341
                ],
                [
                    104.93307495,
                    -4.21290493
                ],
                [
                    104.93320465,
                    -4.21370983
                ],
                [
                    104.93521118,
                    -4.21760082
                ],
                [
                    104.93759918,
                    -4.22187757
                ],
                [
                    104.93976593,
                    -4.22613764
                ],
                [
                    104.9420929,
                    -4.22987747
                ],
                [
                    104.94493103,
                    -4.23252726
                ],
                [
                    104.94783783,
                    -4.23480844
                ],
                [
                    104.9552002,
                    -4.23992395
                ],
                [
                    104.95643616,
                    -4.24076223
                ],
                [
                    104.95703888,
                    -4.24133253
                ],
                [
                    104.959198,
                    -4.24255705
                ],
                [
                    104.96243286,
                    -4.24631357
                ],
                [
                    104.96450806,
                    -4.24799061
                ],
                [
                    104.96554565,
                    -4.24819231
                ],
                [
                    104.96841431,
                    -4.24950027
                ],
                [
                    104.96925354,
                    -4.24973536
                ],
                [
                    104.97065735,
                    -4.25171423
                ],
                [
                    104.97157288,
                    -4.25250244
                ],
                [
                    104.97337341,
                    -4.25344133
                ],
                [
                    104.97515106,
                    -4.25397825
                ],
                [
                    104.9777832,
                    -4.2543807
                ],
                [
                    104.97821808,
                    -4.25441456
                ],
                [
                    104.97888947,
                    -4.25491762
                ],
                [
                    104.97912598,
                    -4.25505161
                ],
                [
                    104.97939301,
                    -4.25562191
                ],
                [
                    104.97901917,
                    -4.25659466
                ],
                [
                    104.97895813,
                    -4.25676203
                ],
                [
                    104.97952271,
                    -4.25696373
                ],
                [
                    104.98126221,
                    -4.2563262
                ],
                [
                    104.98199463,
                    -4.25595713
                ],
                [
                    104.98453522,
                    -4.25545406
                ],
                [
                    104.98633575,
                    -4.2555213
                ],
                [
                    104.98849487,
                    -4.25667858
                ],
                [
                    104.98949432,
                    -4.25805378
                ],
                [
                    104.99156952,
                    -4.26164246
                ],
                [
                    104.99293518,
                    -4.2645607
                ],
                [
                    104.995224,
                    -4.27074909
                ],
                [
                    104.995224,
                    -4.27400255
                ],
                [
                    104.99567413,
                    -4.27707148
                ],
                [
                    104.99614716,
                    -4.27901697
                ],
                [
                    104.99674988,
                    -4.28112984
                ],
                [
                    104.99724579,
                    -4.283813
                ],
                [
                    104.99790192,
                    -4.28776884
                ],
                [
                    104.99401855,
                    -4.28874254
                ],
                [
                    104.99401855,
                    -4.2936306
                ],
                [
                    104.99482727,
                    -4.2966857
                ],
                [
                    104.99645233,
                    -4.30177736
                ],
                [
                    104.99807739,
                    -4.31033182
                ],
                [
                    104.99827576,
                    -4.31177473
                ],
                [
                    104.99036407,
                    -4.31033182
                ],
                [
                    104.99036407,
                    -4.31603432
                ],
                [
                    104.99073792,
                    -4.32705212
                ],
                [
                    104.98992157,
                    -4.33113194
                ],
                [
                    104.98988342,
                    -4.33132362
                ],
                [
                    104.98963165,
                    -4.33270979
                ],
                [
                    104.98932648,
                    -4.33435869
                ],
                [
                    104.98953247,
                    -4.33751154
                ],
                [
                    104.99019623,
                    -4.34056377
                ],
                [
                    104.99071503,
                    -4.34336472
                ],
                [
                    104.99158478,
                    -4.35000563
                ],
                [
                    104.99196625,
                    -4.35253811
                ],
                [
                    104.99224854,
                    -4.35363913
                ],
                [
                    104.99346924,
                    -4.35847473
                ],
                [
                    104.99459076,
                    -4.36288548
                ],
                [
                    104.99488831,
                    -4.36660814
                ],
                [
                    104.99602509,
                    -4.36805058
                ],
                [
                    104.99547577,
                    -4.37256193
                ],
                [
                    104.99462891,
                    -4.3749299
                ],
                [
                    104.99383545,
                    -4.37712336
                ],
                [
                    104.99150848,
                    -4.38517237
                ],
                [
                    104.99159241,
                    -4.38519859
                ],
                [
                    104.9887085,
                    -4.39551497
                ],
                [
                    104.98769379,
                    -4.39765835
                ],
                [
                    104.98683167,
                    -4.39880323
                ],
                [
                    104.98653412,
                    -4.40048695
                ],
                [
                    104.98616028,
                    -4.40212297
                ],
                [
                    104.9861908,
                    -4.40300179
                ],
                [
                    104.98623657,
                    -4.40363646
                ],
                [
                    104.98665619,
                    -4.4043932
                ],
                [
                    104.98743439,
                    -4.40485716
                ],
                [
                    104.9878006,
                    -4.4047966
                ],
                [
                    104.98940277,
                    -4.40490389
                ],
                [
                    104.98988342,
                    -4.4042449
                ],
                [
                    104.99008942,
                    -4.40323782
                ],
                [
                    104.99011993,
                    -4.4024868
                ],
                [
                    104.99021149,
                    -4.4019928
                ],
                [
                    104.9907608,
                    -4.40118694
                ],
                [
                    104.99169922,
                    -4.40060091
                ],
                [
                    104.99232483,
                    -4.40043736
                ],
                [
                    104.99246979,
                    -4.40039968
                ],
                [
                    104.99313354,
                    -4.40038347
                ],
                [
                    104.99323273,
                    -4.40038109
                ],
                [
                    104.99446106,
                    -4.40021658
                ],
                [
                    104.99523163,
                    -4.39977694
                ],
                [
                    104.9958725,
                    -4.39924574
                ],
                [
                    104.99625397,
                    -4.39889812
                ],
                [
                    104.99671173,
                    -4.39853191
                ],
                [
                    104.99711609,
                    -4.39844036
                ],
                [
                    104.9980545,
                    -4.39860487
                ],
                [
                    104.99819946,
                    -4.39875031
                ],
                [
                    104.99920654,
                    -4.39970398
                ],
                [
                    104.99958801,
                    -4.40007019
                ],
                [
                    105.00009918,
                    -4.40047264
                ],
                [
                    105.00094604,
                    -4.4007659
                ],
                [
                    105.00228119,
                    -4.40111351
                ],
                [
                    105.00319672,
                    -4.4012785
                ],
                [
                    105.00403595,
                    -4.40144348
                ],
                [
                    105.00424194,
                    -4.40151596
                ],
                [
                    105.00511932,
                    -4.40182781
                ],
                [
                    105.00645447,
                    -4.40266991
                ],
                [
                    105.00749969,
                    -4.40351248
                ],
                [
                    105.00815582,
                    -4.40400696
                ],
                [
                    105.00883484,
                    -4.40426302
                ],
                [
                    105.00959015,
                    -4.40440941
                ],
                [
                    105.01057434,
                    -4.40440941
                ],
                [
                    105.01094818,
                    -4.40438843
                ],
                [
                    105.01154327,
                    -4.40435457
                ],
                [
                    105.01202393,
                    -4.40442801
                ],
                [
                    105.01225281,
                    -4.40447092
                ],
                [
                    105.01251984,
                    -4.40451956
                ],
                [
                    105.01287079,
                    -4.40462494
                ],
                [
                    105.01279449,
                    -4.40499926
                ],
                [
                    105.01320648,
                    -4.40622377
                ],
                [
                    105.01225281,
                    -4.40777254
                ],
                [
                    105.01267242,
                    -4.40891838
                ],
                [
                    105.01435852,
                    -4.41006374
                ],
                [
                    105.01486969,
                    -4.4101243
                ],
                [
                    105.01541138,
                    -4.41047049
                ],
                [
                    105.0157547,
                    -4.41054583
                ],
                [
                    105.01609039,
                    -4.41061687
                ],
                [
                    105.01707458,
                    -4.41065359
                ],
                [
                    105.01748657,
                    -4.41054583
                ],
                [
                    105.0177002,
                    -4.41048861
                ],
                [
                    105.018013,
                    -4.41026926
                ],
                [
                    105.01852417,
                    -4.4099946
                ],
                [
                    105.01895905,
                    -4.40957308
                ],
                [
                    105.01920319,
                    -4.40896893
                ],
                [
                    105.01921844,
                    -4.40838289
                ],
                [
                    105.01902008,
                    -4.40757751
                ],
                [
                    105.01877594,
                    -4.40625906
                ],
                [
                    105.01889038,
                    -4.4058013
                ],
                [
                    105.01892853,
                    -4.40521526
                ],
                [
                    105.01899719,
                    -4.40391541
                ],
                [
                    105.01902008,
                    -4.40365887
                ],
                [
                    105.01902008,
                    -4.40327454
                ],
                [
                    105.01895905,
                    -4.40308857
                ],
                [
                    105.01874542,
                    -4.40237713
                ],
                [
                    105.01830292,
                    -4.40158987
                ],
                [
                    105.01799011,
                    -4.40063763
                ],
                [
                    105.01779175,
                    -4.40052366
                ],
                [
                    105.01795197,
                    -4.40010595
                ],
                [
                    105.01828003,
                    -4.4000082
                ],
                [
                    105.01856995,
                    -4.4000082
                ],
                [
                    105.01957703,
                    -4.40036631
                ],
                [
                    105.02078247,
                    -4.40085459
                ],
                [
                    105.0209198,
                    -4.40091419
                ],
                [
                    105.02210999,
                    -4.40144157
                ],
                [
                    105.02265167,
                    -4.40172195
                ],
                [
                    105.02388,
                    -4.40261269
                ],
                [
                    105.02400208,
                    -4.40278244
                ],
                [
                    105.0246582,
                    -4.4036541
                ],
                [
                    105.02488708,
                    -4.4041748
                ],
                [
                    105.02501678,
                    -4.40521669
                ],
                [
                    105.02501678,
                    -4.40619326
                ],
                [
                    105.02498627,
                    -4.4073
                ],
                [
                    105.02498627,
                    -4.40795088
                ],
                [
                    105.02502441,
                    -4.40829802
                ],
                [
                    105.0250473,
                    -4.40850449
                ],
                [
                    105.02534485,
                    -4.40902519
                ],
                [
                    105.02609253,
                    -4.40925312
                ],
                [
                    105.02680969,
                    -4.40918827
                ],
                [
                    105.02758789,
                    -4.40863466
                ],
                [
                    105.02840424,
                    -4.4078536
                ],
                [
                    105.02895355,
                    -4.40651894
                ],
                [
                    105.02843475,
                    -4.40443563
                ],
                [
                    105.02807617,
                    -4.4036541
                ],
                [
                    105.02775574,
                    -4.40354729
                ],
                [
                    105.02607727,
                    -4.40264988
                ],
                [
                    105.02566528,
                    -4.4019289
                ],
                [
                    105.02553558,
                    -4.40150547
                ],
                [
                    105.02547455,
                    -4.40121269
                ],
                [
                    105.02566528,
                    -4.40085459
                ],
                [
                    105.02602386,
                    -4.40072441
                ],
                [
                    105.02627563,
                    -4.40069914
                ],
                [
                    105.0268631,
                    -4.40082884
                ],
                [
                    105.02710724,
                    -4.40102053
                ],
                [
                    105.02953339,
                    -4.40090418
                ],
                [
                    105.03000641,
                    -4.40104675
                ],
                [
                    105.03096008,
                    -4.40149069
                ],
                [
                    105.03141785,
                    -4.40188503
                ],
                [
                    105.03177643,
                    -4.40241766
                ],
                [
                    105.0320816,
                    -4.40293646
                ],
                [
                    105.03224182,
                    -4.40319824
                ],
                [
                    105.03232574,
                    -4.40388584
                ],
                [
                    105.0316925,
                    -4.40534687
                ],
                [
                    105.03126526,
                    -4.40635586
                ],
                [
                    105.03103638,
                    -4.40703964
                ],
                [
                    105.03103638,
                    -4.4076581
                ],
                [
                    105.03100586,
                    -4.40840673
                ],
                [
                    105.03116608,
                    -4.40912294
                ],
                [
                    105.03172302,
                    -4.40977383
                ],
                [
                    105.03208923,
                    -4.41014528
                ],
                [
                    105.03218079,
                    -4.41022968
                ],
                [
                    105.03289032,
                    -4.41049004
                ],
                [
                    105.03353119,
                    -4.41054583
                ],
                [
                    105.03364563,
                    -4.41055536
                ],
                [
                    105.03448486,
                    -4.41058779
                ],
                [
                    105.03549957,
                    -4.41058779
                ],
                [
                    105.03577423,
                    -4.41054583
                ],
                [
                    105.03607941,
                    -4.41049814
                ],
                [
                    105.03647614,
                    -4.41048527
                ],
                [
                    105.03653717,
                    -4.41039419
                ],
                [
                    105.03702545,
                    -4.41022968
                ],
                [
                    105.03755188,
                    -4.4099369
                ],
                [
                    105.03781128,
                    -4.4092207
                ],
                [
                    105.03764343,
                    -4.4078207
                ],
                [
                    105.0376358,
                    -4.40771866
                ],
                [
                    105.03741455,
                    -4.4060955
                ],
                [
                    105.0375824,
                    -4.40524912
                ],
                [
                    105.03807068,
                    -4.40427256
                ],
                [
                    105.03852844,
                    -4.40391445
                ],
                [
                    105.03897858,
                    -4.4034915
                ],
                [
                    105.03897858,
                    -4.40251493
                ],
                [
                    105.03887939,
                    -4.40202665
                ],
                [
                    105.03862,
                    -4.40150547
                ],
                [
                    105.03855133,
                    -4.40144253
                ],
                [
                    105.03853607,
                    -4.40136766
                ],
                [
                    105.03822327,
                    -4.40100765
                ],
                [
                    105.03816986,
                    -4.40043163
                ],
                [
                    105.03839111,
                    -4.39987803
                ],
                [
                    105.03858948,
                    -4.39951992
                ],
                [
                    105.03871918,
                    -4.39946461
                ],
                [
                    105.03904724,
                    -4.39932442
                ],
                [
                    105.04012299,
                    -4.39932442
                ],
                [
                    105.04034424,
                    -4.39943218
                ],
                [
                    105.04087067,
                    -4.39968252
                ],
                [
                    105.04138947,
                    -4.4002037
                ],
                [
                    105.04145813,
                    -4.40091991
                ],
                [
                    105.04158783,
                    -4.40202665
                ],
                [
                    105.04148865,
                    -4.40287304
                ],
                [
                    105.04145813,
                    -4.40371943
                ],
                [
                    105.04148865,
                    -4.40404463
                ],
                [
                    105.04177094,
                    -4.40449715
                ],
                [
                    105.04304504,
                    -4.40565634
                ],
                [
                    105.04431152,
                    -4.40635157
                ],
                [
                    105.04460907,
                    -4.40648603
                ],
                [
                    105.0450058,
                    -4.40638876
                ],
                [
                    105.04545593,
                    -4.40622568
                ],
                [
                    105.04588318,
                    -4.4057374
                ],
                [
                    105.04627228,
                    -4.40495634
                ],
                [
                    105.0464325,
                    -4.4034915
                ],
                [
                    105.04660034,
                    -4.40196133
                ],
                [
                    105.04689026,
                    -4.40121269
                ],
                [
                    105.04727936,
                    -4.40072441
                ],
                [
                    105.04758453,
                    -4.40043974
                ],
                [
                    105.04846954,
                    -4.40043974
                ],
                [
                    105.04893494,
                    -4.4010191
                ],
                [
                    105.0493927,
                    -4.40183067
                ],
                [
                    105.04978943,
                    -4.40257978
                ],
                [
                    105.04985046,
                    -4.40297031
                ],
                [
                    105.04985046,
                    -4.40336132
                ],
                [
                    105.04981995,
                    -4.40388203
                ],
                [
                    105.04956055,
                    -4.40446806
                ],
                [
                    105.04910278,
                    -4.40534687
                ],
                [
                    105.04881287,
                    -4.40586758
                ],
                [
                    105.04858398,
                    -4.40629101
                ],
                [
                    105.0483551,
                    -4.40661621
                ],
                [
                    105.04815674,
                    -4.40694189
                ],
                [
                    105.04829407,
                    -4.40752792
                ],
                [
                    105.04878235,
                    -4.40769053
                ],
                [
                    105.04969025,
                    -4.40762568
                ],
                [
                    105.05112457,
                    -4.4076581
                ],
                [
                    105.05193329,
                    -4.40752792
                ],
                [
                    105.052948,
                    -4.40707207
                ],
                [
                    105.0541153,
                    -4.40655136
                ],
                [
                    105.05477142,
                    -4.40612793
                ],
                [
                    105.05525208,
                    -4.40591145
                ],
                [
                    105.05636597,
                    -4.40622568
                ],
                [
                    105.05691528,
                    -4.40687704
                ],
                [
                    105.05714417,
                    -4.40778828
                ],
                [
                    105.05685425,
                    -4.40876484
                ],
                [
                    105.05623627,
                    -4.40954638
                ],
                [
                    105.0537796,
                    -4.41006041
                ],
                [
                    105.05278015,
                    -4.41049004
                ],
                [
                    105.05274963,
                    -4.41144657
                ],
                [
                    105.05316162,
                    -4.41182756
                ],
                [
                    105.05596924,
                    -4.41443539
                ],
                [
                    105.05764008,
                    -4.41507769
                ],
                [
                    105.05989838,
                    -4.41518927
                ],
                [
                    105.0603714,
                    -4.41496563
                ],
                [
                    105.06129456,
                    -4.41453218
                ],
                [
                    105.0613327,
                    -4.41518927
                ],
                [
                    105.06179047,
                    -4.42272902
                ],
                [
                    105.06254578,
                    -4.43528461
                ],
                [
                    105.06729889,
                    -4.43498611
                ],
                [
                    105.06737518,
                    -4.43818092
                ],
                [
                    105.06759644,
                    -4.44660854
                ],
                [
                    105.06713104,
                    -4.44906902
                ],
                [
                    105.06414795,
                    -4.46484041
                ],
                [
                    105.06359863,
                    -4.46540022
                ],
                [
                    105.05758667,
                    -4.46718454
                ],
                [
                    105.05486298,
                    -4.46852112
                ],
                [
                    105.05292511,
                    -4.46997499
                ],
                [
                    105.0480423,
                    -4.47093821
                ],
                [
                    105.04547882,
                    -4.47094011
                ],
                [
                    105.04430389,
                    -4.47094059
                ],
                [
                    105.04036713,
                    -4.4704752
                ],
                [
                    105.03627014,
                    -4.46999025
                ],
                [
                    105.0331192,
                    -4.46999741
                ],
                [
                    105.02015686,
                    -4.47002792
                ],
                [
                    105.01864624,
                    -4.46940327
                ],
                [
                    105.01824951,
                    -4.4687109
                ],
                [
                    105.01582336,
                    -4.46830463
                ],
                [
                    105.01177216,
                    -4.46464825
                ],
                [
                    105.00813293,
                    -4.46302271
                ],
                [
                    105.0014267,
                    -4.46227551
                ],
                [
                    105.00084686,
                    -4.46221018
                ],
                [
                    104.99760437,
                    -4.45570946
                ],
                [
                    104.99023438,
                    -4.45459986
                ],
                [
                    104.99064636,
                    -4.45390749
                ],
                [
                    104.98867798,
                    -4.45360136
                ],
                [
                    104.98830414,
                    -4.45327091
                ],
                [
                    104.98740387,
                    -4.45248413
                ],
                [
                    104.98643494,
                    -4.45163441
                ],
                [
                    104.98562622,
                    -4.45092201
                ],
                [
                    104.98453522,
                    -4.44906521
                ],
                [
                    104.98355865,
                    -4.44815016
                ],
                [
                    104.98236084,
                    -4.44702625
                ],
                [
                    104.98152924,
                    -4.44697857
                ],
                [
                    104.98066711,
                    -4.44692993
                ],
                [
                    104.97943115,
                    -4.44784021
                ],
                [
                    104.9789505,
                    -4.4483676
                ],
                [
                    104.9784317,
                    -4.44894361
                ],
                [
                    104.97811127,
                    -4.44930172
                ],
                [
                    104.97808075,
                    -4.44941378
                ],
                [
                    104.97780609,
                    -4.45051575
                ],
                [
                    104.97773743,
                    -4.45095301
                ],
                [
                    104.97740936,
                    -4.45292902
                ],
                [
                    104.97736359,
                    -4.45316362
                ],
                [
                    104.97640228,
                    -4.45437717
                ],
                [
                    104.97583771,
                    -4.45485878
                ],
                [
                    104.97555542,
                    -4.45509148
                ],
                [
                    104.97522736,
                    -4.45537138
                ],
                [
                    104.97240448,
                    -4.45775604
                ],
                [
                    104.9715271,
                    -4.45882559
                ],
                [
                    104.97142792,
                    -4.45967579
                ],
                [
                    104.97129822,
                    -4.460814
                ],
                [
                    104.97119141,
                    -4.46169567
                ],
                [
                    104.972435,
                    -4.46498203
                ],
                [
                    104.97268677,
                    -4.46639633
                ],
                [
                    104.97244263,
                    -4.46766567
                ],
                [
                    104.97246552,
                    -4.46846628
                ],
                [
                    104.9723053,
                    -4.46935177
                ],
                [
                    104.96884155,
                    -4.47201777
                ],
                [
                    104.96733856,
                    -4.4752636
                ],
                [
                    104.96866608,
                    -4.47995806
                ],
                [
                    104.96813202,
                    -4.48264647
                ],
                [
                    104.96774292,
                    -4.48459435
                ],
                [
                    104.9635849,
                    -4.48934698
                ],
                [
                    104.96073151,
                    -4.49068022
                ],
                [
                    104.95860291,
                    -4.49156904
                ],
                [
                    104.95809174,
                    -4.49199915
                ],
                [
                    104.95607758,
                    -4.49328756
                ],
                [
                    104.9546814,
                    -4.49630928
                ],
                [
                    104.95464325,
                    -4.49638748
                ],
                [
                    104.95388031,
                    -4.49803972
                ],
                [
                    104.95122528,
                    -4.49943066
                ],
                [
                    104.95116425,
                    -4.5037775
                ],
                [
                    104.95024109,
                    -4.51189137
                ],
                [
                    104.94735718,
                    -4.52394629
                ],
                [
                    104.94550323,
                    -4.52869844
                ],
                [
                    104.94458008,
                    -4.52951002
                ],
                [
                    104.9436264,
                    -4.53060532
                ],
                [
                    104.9526825,
                    -4.52863121
                ],
                [
                    104.95298767,
                    -4.52877331
                ],
                [
                    104.955513,
                    -4.53046083
                ],
                [
                    104.95707703,
                    -4.53130484
                ],
                [
                    104.9591217,
                    -4.5311842
                ],
                [
                    104.96080017,
                    -4.52949715
                ],
                [
                    104.9616394,
                    -4.52997923
                ],
                [
                    104.96380615,
                    -4.52997923
                ],
                [
                    104.96456146,
                    -4.52910948
                ],
                [
                    104.96618652,
                    -4.52838421
                ],
                [
                    104.96730804,
                    -4.52788115
                ],
                [
                    104.96788025,
                    -4.52865171
                ],
                [
                    104.96939087,
                    -4.53069353
                ],
                [
                    104.97100067,
                    -4.53378439
                ],
                [
                    104.97126007,
                    -4.53599977
                ],
                [
                    104.97145081,
                    -4.53765535
                ],
                [
                    104.97158051,
                    -4.53880405
                ],
                [
                    104.97188568,
                    -4.54136133
                ],
                [
                    104.972435,
                    -4.54316378
                ],
                [
                    104.97225189,
                    -4.544631
                ],
                [
                    104.97375488,
                    -4.54776192
                ],
                [
                    104.97512054,
                    -4.55061722
                ],
                [
                    104.97737122,
                    -4.55276632
                ],
                [
                    104.97893524,
                    -4.55360317
                ],
                [
                    104.98124695,
                    -4.55484772
                ],
                [
                    104.98329926,
                    -4.55595112
                ],
                [
                    104.98416138,
                    -4.55666065
                ],
                [
                    104.98432922,
                    -4.5567975
                ],
                [
                    104.98575592,
                    -4.5587101
                ],
                [
                    104.9864502,
                    -4.56068993
                ],
                [
                    104.98670959,
                    -4.56356573
                ],
                [
                    104.98711395,
                    -4.56805325
                ],
                [
                    104.98756409,
                    -4.57046795
                ],
                [
                    104.98781586,
                    -4.57358265
                ],
                [
                    104.98760986,
                    -4.57422781
                ],
                [
                    104.98796844,
                    -4.57465506
                ],
                [
                    104.98845673,
                    -4.57524061
                ],
                [
                    104.99137115,
                    -4.576756
                ],
                [
                    104.99152374,
                    -4.57757139
                ],
                [
                    104.99126434,
                    -4.57817793
                ],
                [
                    104.98864746,
                    -4.57986069
                ],
                [
                    104.98842621,
                    -4.58040142
                ],
                [
                    104.98834229,
                    -4.58235645
                ],
                [
                    104.98843384,
                    -4.58285809
                ],
                [
                    104.98892212,
                    -4.58322382
                ],
                [
                    104.98957062,
                    -4.58303547
                ],
                [
                    104.99234009,
                    -4.58100796
                ],
                [
                    104.99330902,
                    -4.58117533
                ],
                [
                    104.99395752,
                    -4.58194876
                ],
                [
                    104.99397278,
                    -4.58294392
                ],
                [
                    104.99352264,
                    -4.58299398
                ],
                [
                    104.99193573,
                    -4.58316803
                ],
                [
                    104.99084473,
                    -4.58355856
                ],
                [
                    104.98954773,
                    -4.58401823
                ],
                [
                    104.9889679,
                    -4.58429003
                ],
                [
                    104.9888916,
                    -4.58482313
                ],
                [
                    104.98934937,
                    -4.58503199
                ],
                [
                    104.99033356,
                    -4.58513689
                ],
                [
                    104.9911499,
                    -4.58503199
                ],
                [
                    104.99201965,
                    -4.58449936
                ],
                [
                    104.99268341,
                    -4.58427954
                ],
                [
                    104.99399567,
                    -4.58420658
                ],
                [
                    104.99452209,
                    -4.58461428
                ],
                [
                    104.99432373,
                    -4.58542967
                ],
                [
                    104.99308777,
                    -4.58606339
                ],
                [
                    104.99303436,
                    -4.58616114
                ],
                [
                    104.99249268,
                    -4.58723402
                ],
                [
                    104.99215698,
                    -4.58770418
                ],
                [
                    104.99172974,
                    -4.58768368
                ],
                [
                    104.99040985,
                    -4.58718157
                ],
                [
                    104.9895401,
                    -4.5871501
                ],
                [
                    104.98910522,
                    -4.587255
                ],
                [
                    104.98822784,
                    -4.5883522
                ],
                [
                    104.98820496,
                    -4.58899212
                ],
                [
                    104.98899841,
                    -4.58982611
                ],
                [
                    104.98899841,
                    -4.59021235
                ],
                [
                    104.98760986,
                    -4.59145498
                ],
                [
                    104.98659515,
                    -4.59170103
                ],
                [
                    104.9859314,
                    -4.59186268
                ],
                [
                    104.98560333,
                    -4.59202433
                ],
                [
                    104.98551178,
                    -4.59247541
                ],
                [
                    104.98593903,
                    -4.59270668
                ],
                [
                    104.9874115,
                    -4.59299564
                ],
                [
                    104.98966217,
                    -4.59468317
                ],
                [
                    104.98979187,
                    -4.59513378
                ],
                [
                    104.98959351,
                    -4.5955267
                ],
                [
                    104.98912048,
                    -4.59539986
                ],
                [
                    104.98905945,
                    -4.5957098
                ],
                [
                    104.98917389,
                    -4.59619188
                ],
                [
                    104.98989868,
                    -4.59715605
                ],
                [
                    104.9901123,
                    -4.59834003
                ],
                [
                    104.99205017,
                    -4.60051346
                ],
                [
                    104.99768829,
                    -4.60684538
                ],
                [
                    104.99755096,
                    -4.60739565
                ],
                [
                    104.99728394,
                    -4.60841465
                ],
                [
                    104.99710083,
                    -4.60882378
                ],
                [
                    104.99648285,
                    -4.61017084
                ],
                [
                    104.99530029,
                    -4.61274624
                ],
                [
                    104.99498749,
                    -4.61462593
                ],
                [
                    104.99551392,
                    -4.61730576
                ],
                [
                    104.99705505,
                    -4.62067127
                ],
                [
                    104.99703979,
                    -4.62186527
                ],
                [
                    104.99697113,
                    -4.62589121
                ],
                [
                    104.998703,
                    -4.62923241
                ],
                [
                    104.99894714,
                    -4.63065958
                ],
                [
                    104.99897766,
                    -4.63313055
                ],
                [
                    104.99886322,
                    -4.63387775
                ],
                [
                    104.99858856,
                    -4.63558865
                ],
                [
                    104.99851227,
                    -4.63673782
                ],
                [
                    104.99814606,
                    -4.64207792
                ],
                [
                    104.99920654,
                    -4.64533997
                ],
                [
                    104.99868011,
                    -4.6481843
                ],
                [
                    104.99814606,
                    -4.65110731
                ],
                [
                    104.99842072,
                    -4.6537776
                ],
                [
                    104.99876404,
                    -4.65716696
                ],
                [
                    104.99923706,
                    -4.65901327
                ],
                [
                    104.99946594,
                    -4.65991211
                ],
                [
                    105.0013504,
                    -4.6613121
                ],
                [
                    105.00392914,
                    -4.66231823
                ],
                [
                    105.00526428,
                    -4.66210175
                ],
                [
                    105.00563812,
                    -4.66180515
                ],
                [
                    105.00675201,
                    -4.66092539
                ],
                [
                    105.00906372,
                    -4.65908957
                ],
                [
                    105.01261902,
                    -4.65997171
                ],
                [
                    105.01504517,
                    -4.66126108
                ],
                [
                    105.01925659,
                    -4.66350174
                ],
                [
                    105.02281189,
                    -4.66539574
                ],
                [
                    105.02741241,
                    -4.66784239
                ],
                [
                    105.03107452,
                    -4.66840696
                ],
                [
                    105.0349884,
                    -4.66829395
                ],
                [
                    105.03632355,
                    -4.66959524
                ],
                [
                    105.03697968,
                    -4.67023611
                ],
                [
                    105.0393219,
                    -4.67251444
                ],
                [
                    105.0449295,
                    -4.68009758
                ],
                [
                    105.04553986,
                    -4.68091536
                ],
                [
                    105.04708862,
                    -4.68301535
                ],
                [
                    105.0486145,
                    -4.68444061
                ],
                [
                    105.05023956,
                    -4.68718195
                ],
                [
                    105.05184937,
                    -4.68990231
                ],
                [
                    105.05392456,
                    -4.69261789
                ],
                [
                    105.05817413,
                    -4.69467115
                ],
                [
                    105.0614624,
                    -4.69467115
                ],
                [
                    105.06591034,
                    -4.69661045
                ],
                [
                    105.06594086,
                    -4.69671822
                ],
                [
                    105.06761169,
                    -4.70355558
                ],
                [
                    105.06814575,
                    -4.70572376
                ],
                [
                    105.06861115,
                    -4.70763206
                ],
                [
                    105.06931305,
                    -4.70855284
                ],
                [
                    105.070755,
                    -4.70810509
                ],
                [
                    105.07199097,
                    -4.70730495
                ],
                [
                    105.0737381,
                    -4.70715666
                ],
                [
                    105.07456207,
                    -4.70662308
                ],
                [
                    105.07524109,
                    -4.70671225
                ],
                [
                    105.07590485,
                    -4.70697498
                ],
                [
                    105.07740021,
                    -4.70757103
                ],
                [
                    105.07820129,
                    -4.70742273
                ],
                [
                    105.07826233,
                    -4.70761013
                ],
                [
                    105.07859039,
                    -4.70858812
                ],
                [
                    105.07878876,
                    -4.70917273
                ],
                [
                    105.07913971,
                    -4.71021938
                ],
                [
                    105.07950592,
                    -4.71129465
                ],
                [
                    105.10168457,
                    -4.71309519
                ],
                [
                    105.10516357,
                    -4.71464682
                ],
                [
                    105.11734772,
                    -4.72027063
                ],
                [
                    105.11966705,
                    -4.72007608
                ],
                [
                    105.11966705,
                    -4.722404
                ],
                [
                    105.12121582,
                    -4.72143364
                ],
                [
                    105.12237549,
                    -4.72279119
                ],
                [
                    105.12699127,
                    -4.72734451
                ]
            ]
        ]
    },
    "properties": {
        "GID_0": "IDN",
        "NAME_0": "Indonesia",
        "GID_1": "IDN.17_1",
        "NAME_1": "Lampung",
        "NL_NAME_1": "",
        "GID_2": "IDN.17.12_1",
        "NAME_2": "Tulang Bawang Barat",
        "VARNAME_2": "",
        "NL_NAME_2": "",
        "TYPE_2": "Kabupaten",
        "ENGTYPE_2": "Regency",
        "CC_2": "1812",
        "HASC_2": "ID.LA.TR"
    }
}
